期数,星期,红球,篮球,和值,AC,分列差,并列差,公式差,取模直,非AC尾,012路
2024046,4,"[2, 6, 10, 11, 17, 29]",15,75,9,"[7, 1, 1]","[4, 1, 2]","[6, 1, 6, 5, 3, 1]","[3, 0, 3]","[0, 1, 2, 3, 4, 5, 6, 7]","[2, 0, 1, 2, 2, 2]"
2024047,7,"[7, 8, 21, 26, 29, 30]",15,121,8,"[3, 1, 5]","[1, 5, 1]","[6, 4, 4, 3, 3, 3]","[1, 1, 1]","[1, 3, 4, 5, 6]","[1, 2, 0, 2, 2, 0]"
2024048,2,"[2, 9, 15, 19, 26, 28]",2,99,7,"[6, 7, 4]","[7, 4, 2]","[8, 0, 5, 4, 2, 2]","[3, 4, 3]","[0, 2, 3, 4, 5, 6, 7, 8]","[2, 0, 0, 1, 2, 1]"
2024049,4,"[12, 15, 17, 23, 26, 32]",11,125,6,"[0, 1, 6]","[3, 6, 6]","[9, 7, 6, 4, 3, 2]","[5, 0, 1]","[0, 1, 2, 3, 4, 5, 6, 7, 9]","[0, 0, 2, 2, 2, 2]"
2024050,7,"[1, 3, 7, 10, 22, 33]",2,76,10,"[2, 9, 3]","[2, 3, 1]","[5, 4, 9, 6, 2, 1]","[4, 1, 0]","[0, 1, 2, 3, 4, 5, 6, 9]","[1, 0, 1, 1, 1, 0]"
2024051,2,"[5, 9, 13, 20, 23, 28]",6,98,7,"[3, 4, 7]","[4, 7, 5]","[8, 9, 6, 3, 3, 2]","[2, 3, 2]","[2, 3, 4, 5, 6, 7, 8, 9]","[2, 0, 1, 2, 2, 1]"
2024052,4,"[7, 10, 11, 15, 17, 21]",3,81,6,"[4, 7, 4]","[3, 4, 4]","[0, 7, 6, 4, 3, 2]","[3, 1, 1]","[0, 1, 2, 3, 4, 6, 7]","[1, 1, 2, 0, 2, 0]"
2024053,7,"[7, 14, 21, 22, 28, 33]",7,125,7,"[6, 4, 1]","[7, 1, 5]","[6, 7, 4, 4, 3, 2]","[5, 0, 1]","[0, 1, 2, 3, 4, 5, 6, 7]","[1, 2, 0, 1, 1, 0]"
2024054,2,"[8, 13, 20, 25, 31, 32]",3,129,6,"[4, 8, 5]","[5, 5, 1]","[5, 8, 5, 4, 3, 3]","[3, 4, 1]","[1, 3, 4, 5, 8]","[2, 1, 2, 1, 1, 2]"
2024055,4,"[2, 4, 6, 7, 16, 29]",3,64,9,"[7, 2, 1]","[2, 1, 3]","[1, 5, 9, 8, 3, 1]","[4, 4, 0]","[0, 1, 2, 3, 4, 5, 7, 8, 9]","[2, 1, 0, 1, 1, 2]"
2024056,7,"[5, 18, 20, 24, 25, 26]",6,118,7,"[1, 7, 4]","[3, 4, 1]","[2, 5, 4, 3, 3, 3]","[4, 3, 2]","[1, 2, 3, 4, 5, 7]","[2, 0, 2, 0, 1, 2]"
2024057,2,"[3, 8, 17, 18, 23, 31]",8,100,7,"[8, 5, 1]","[5, 1, 8]","[2, 1, 4, 4, 3, 2]","[4, 0, 0]","[0, 1, 2, 3, 4, 5, 8]","[0, 2, 2, 0, 2, 1]"
2024058,4,"[8, 12, 13, 17, 27, 29]",13,106,8,"[1, 5, 4]","[4, 4, 2]","[2, 7, 7, 5, 2, 2]","[4, 1, 2]","[1, 2, 4, 5, 7]","[2, 0, 1, 2, 0, 2]"
2024059,7,"[1, 3, 14, 25, 31, 33]",7,107,7,"[2, 8, 1]","[2, 1, 2]","[6, 4, 6, 3, 2, 2]","[5, 2, 3]","[1, 2, 3, 4, 5, 6, 8]","[1, 0, 2, 1, 1, 0]"
2024060,2,"[1, 2, 6, 10, 22, 28]",15,69,9,"[7, 0, 4]","[1, 4, 6]","[8, 3, 0, 5, 2, 1]","[3, 4, 1]","[0, 1, 2, 3, 4, 5, 6, 7, 8]","[1, 2, 0, 1, 1, 1]"
2024061,4,"[1, 9, 18, 22, 25, 28]",2,103,9,"[7, 6, 4]","[8, 4, 3]","[2, 0, 4, 3, 3, 2]","[1, 3, 3]","[0, 1, 2, 3, 4, 6, 7, 8]","[1, 0, 0, 1, 1, 1]"
2024062,7,"[1, 7, 10, 16, 18, 27]",16,79,5,"[6, 1, 6]","[6, 6, 9]","[8, 0, 6, 3, 3, 1]","[1, 4, 3]","[0, 1, 3, 4, 6, 8, 9]","[1, 1, 1, 1, 0, 0]"
2024063,2,"[7, 14, 16, 23, 28, 32]",4,120,6,"[5, 4, 7]","[7, 7, 4]","[6, 7, 6, 4, 3, 2]","[0, 0, 0]","[0, 2, 3, 4, 5, 6, 7]","[1, 2, 1, 2, 1, 2]"
2024064,4,"[6, 8, 17, 18, 28, 30]",5,107,5,"[4, 0, 1]","[2, 1, 2]","[6, 2, 5, 4, 2, 2]","[5, 2, 3]","[0, 1, 2, 3, 4, 5, 6]","[0, 2, 2, 0, 1, 0]"
2024065,7,"[3, 5, 9, 10, 19, 22]",14,68,10,"[9, 4, 1]","[2, 1, 3]","[1, 2, 6, 5, 2, 2]","[2, 3, 0]","[0, 1, 2, 3, 4, 5, 6, 9]","[0, 2, 0, 1, 1, 1]"
2024066,2,"[8, 9, 12, 22, 26, 32]",13,109,7,"[4, 7, 0]","[1, 0, 6]","[2, 1, 8, 3, 3, 2]","[1, 4, 1]","[0, 1, 2, 3, 4, 6, 7, 8]","[2, 0, 0, 1, 2, 2]"
2024067,4,"[1, 11, 13, 17, 25, 29]",3,96,6,"[8, 4, 4]","[0, 4, 4]","[5, 7, 6, 4, 2, 2]","[0, 1, 0]","[0, 1, 2, 4, 5, 6, 7, 8]","[1, 2, 1, 2, 1, 2]"
2024068,7,"[1, 2, 7, 19, 20, 21]",1,70,6,"[0, 8, 2]","[1, 2, 1]","[9, 4, 9, 2, 2, 2]","[4, 0, 2]","[0, 1, 2, 4, 8, 9]","[1, 2, 1, 1, 2, 0]"
2024069,2,"[6, 13, 20, 21, 24, 32]",6,116,7,"[6, 1, 1]","[7, 1, 8]","[8, 7, 4, 4, 3, 2]","[2, 1, 0]","[0, 1, 2, 3, 4, 6, 7, 8]","[0, 1, 2, 0, 0, 2]"
2024070,4,"[4, 13, 18, 20, 22, 28]",5,105,8,"[4, 9, 2]","[9, 2, 6]","[5, 7, 4, 4, 3, 2]","[3, 0, 1]","[0, 1, 2, 3, 4, 5, 6, 7, 9]","[1, 1, 0, 2, 1, 1]"
2024071,7,"[2, 8, 19, 28, 30, 31]",14,118,9,"[9, 2, 9]","[6, 9, 1]","[8, 3, 5, 3, 2, 2]","[4, 3, 2]","[1, 2, 3, 4, 5, 6, 8, 9]","[2, 2, 1, 1, 0, 1]"
2024072,2,"[1, 14, 20, 21, 23, 27]",6,106,7,"[6, 9, 1]","[3, 1, 4]","[5, 6, 4, 4, 3, 2]","[4, 1, 2]","[1, 2, 3, 4, 5, 6, 9]","[1, 2, 2, 0, 2, 0]"
2024073,4,"[3, 9, 12, 18, 28, 30]",1,100,8,"[7, 9, 6]","[6, 6, 2]","[2, 0, 7, 4, 2, 2]","[4, 0, 0]","[0, 2, 4, 6, 7, 9]","[0, 0, 0, 0, 1, 0]"
2024074,7,"[7, 8, 10, 22, 24, 32]",7,103,8,"[5, 6, 2]","[1, 2, 8]","[3, 1, 9, 3, 3, 2]","[1, 3, 3]","[1, 2, 3, 5, 6, 8, 9]","[1, 2, 1, 1, 0, 2]"
2024075,2,"[3, 5, 8, 18, 22, 28]",1,84,9,"[5, 7, 0]","[2, 0, 6]","[7, 5, 9, 3, 2, 2]","[0, 4, 0]","[0, 2, 3, 4, 5, 6, 7, 9]","[0, 2, 2, 0, 1, 1]"
2024076,4,"[3, 22, 24, 27, 29, 32]",15,137,6,"[9, 7, 3]","[9, 3, 3]","[4, 5, 4, 4, 3, 3]","[5, 2, 1]","[1, 2, 3, 4, 5, 7, 9]","[0, 1, 0, 0, 2, 2]"
2024077,7,"[1, 4, 6, 14, 17, 22]",8,64,5,"[1, 3, 8]","[3, 8, 5]","[3, 5, 9, 3, 2, 1]","[4, 4, 0]","[0, 1, 2, 3, 4, 5, 8, 9]","[1, 1, 0, 2, 2, 1]"
2024078,2,"[5, 9, 14, 21, 22, 26]",12,97,6,"[1, 3, 7]","[4, 7, 4]","[8, 9, 5, 3, 3, 2]","[1, 2, 1]","[1, 2, 3, 4, 5, 7, 8, 9]","[2, 0, 2, 0, 1, 2]"
2024079,4,"[2, 3, 6, 7, 16, 26]",4,60,7,"[4, 3, 1]","[1, 1, 0]","[9, 9, 9, 7, 2, 1]","[0, 0, 0]","[0, 1, 2, 3, 4, 7, 9]","[2, 0, 0, 1, 1, 2]"
2024080,7,"[6, 11, 12, 27, 29, 30]",13,115,8,"[4, 8, 5]","[5, 5, 1]","[8, 9, 8, 3, 2, 2]","[1, 0, 3]","[0, 1, 2, 3, 4, 5, 8, 9]","[0, 2, 0, 0, 2, 0]"
2024081,2,"[1, 6, 12, 17, 23, 25]",4,84,6,"[4, 7, 5]","[5, 5, 2]","[3, 3, 6, 3, 2, 2]","[0, 4, 0]","[0, 2, 3, 4, 5, 6, 7]","[1, 0, 0, 2, 2, 1]"
2024082,4,"[1, 2, 13, 16, 17, 29]",16,78,6,"[8, 5, 3]","[1, 3, 2]","[7, 8, 5, 3, 3, 1]","[0, 3, 2]","[0, 1, 2, 3, 5, 7, 8]","[1, 2, 1, 1, 2, 2]"
2024083,7,"[3, 9, 14, 29, 32, 33]",15,120,10,"[0, 3, 5]","[6, 5, 1]","[9, 2, 7, 3, 2, 2]","[0, 0, 0]","[0, 1, 2, 3, 5, 6, 7, 9]","[0, 0, 2, 2, 2, 0]"
2024084,2,"[1, 8, 10, 13, 19, 29]",13,80,9,"[8, 1, 3]","[7, 3, 0]","[9, 9, 7, 5, 3, 1]","[2, 0, 0]","[0, 1, 2, 3, 5, 7, 8, 9]","[1, 2, 1, 1, 1, 2]"
2024085,4,"[1, 5, 15, 21, 23, 27]",15,92,7,"[6, 8, 6]","[4, 6, 4]","[1, 7, 5, 3, 3, 2]","[2, 2, 0]","[0, 1, 2, 3, 4, 5, 6, 7, 8]","[1, 2, 0, 0, 2, 0]"
2024086,7,"[17, 19, 20, 23, 25, 31]",2,135,5,"[4, 6, 3]","[2, 3, 6]","[6, 6, 5, 4, 4, 3]","[3, 0, 3]","[0, 2, 3, 4, 5, 6]","[2, 1, 2, 2, 1, 1]"
2024087,2,"[3, 9, 18, 19, 20, 26]",11,95,7,"[3, 1, 1]","[6, 1, 6]","[0, 9, 4, 4, 3, 2]","[5, 0, 3]","[0, 1, 2, 3, 4, 5, 6, 9]","[0, 0, 0, 1, 2, 2]"
2024088,4,"[3, 8, 10, 17, 30, 32]",10,100,7,"[9, 2, 7]","[5, 7, 2]","[2, 1, 9, 4, 2, 2]","[4, 0, 0]","[0, 1, 2, 4, 5, 7, 9]","[0, 2, 1, 2, 0, 2]"
2024089,7,"[3, 6, 9, 15, 18, 31]",1,82,5,"[8, 2, 6]","[3, 6, 3]","[6, 2, 8, 4, 3, 1]","[4, 2, 2]","[1, 2, 3, 4, 6, 8]","[0, 0, 0, 0, 0, 1]"
2024090,2,"[7, 11, 17, 24, 31, 32]",12,122,9,"[5, 0, 7]","[4, 7, 1]","[6, 0, 6, 4, 2, 2]","[2, 2, 2]","[0, 1, 2, 4, 5, 6, 7]","[1, 2, 2, 0, 1, 2]"
2024091,4,"[13, 15, 16, 19, 20, 24]",10,107,5,"[1, 5, 3]","[2, 3, 4]","[7, 6, 5, 4, 4, 3]","[5, 2, 3]","[1, 2, 3, 4, 5, 6, 7]","[1, 0, 1, 1, 2, 0]"
2024092,7,"[3, 8, 11, 12, 18, 29]",5,81,10,"[6, 0, 1]","[5, 1, 1]","[6, 9, 6, 5, 3, 1]","[3, 1, 1]","[0, 1, 3, 5, 6, 9]","[0, 2, 2, 0, 0, 2]"
2024093,2,"[1, 5, 7, 11, 12, 15]",12,51,6,"[4, 7, 4]","[4, 4, 3]","[0, 9, 6, 3, 3, 2]","[3, 1, 3]","[0, 1, 2, 3, 4, 6, 7, 9]","[1, 2, 1, 2, 0, 0]"
2024094,4,"[6, 13, 17, 22, 25, 27]",9,110,9,"[1, 2, 5]","[7, 5, 2]","[7, 7, 5, 4, 3, 3]","[2, 0, 2]","[0, 1, 2, 3, 4, 5, 7]","[0, 1, 2, 1, 1, 0]"
2024095,7,"[4, 6, 9, 14, 16, 21]",3,70,4,"[7, 0, 5]","[2, 5, 5]","[6, 0, 6, 4, 3, 2]","[4, 0, 2]","[0, 2, 3, 4, 5, 6, 7]","[1, 0, 0, 2, 1, 0]"
2024096,2,"[2, 4, 14, 18, 23, 27]",13,88,8,"[5, 9, 4]","[2, 4, 4]","[3, 1, 5, 3, 2, 2]","[4, 3, 0]","[0, 1, 2, 3, 4, 5, 9]","[2, 1, 2, 0, 2, 0]"
2024097,4,"[4, 10, 12, 13, 18, 30]",3,87,8,"[6, 8, 1]","[6, 1, 2]","[0, 7, 6, 5, 3, 1]","[3, 2, 3]","[0, 1, 2, 3, 5, 6, 7, 8]","[1, 1, 0, 1, 0, 0]"
2024098,7,"[3, 8, 10, 20, 30, 31]",2,102,9,"[8, 2, 0]","[5, 0, 1]","[3, 1, 9, 4, 2, 2]","[0, 2, 2]","[0, 1, 2, 3, 4, 5, 8, 9]","[0, 2, 1, 2, 0, 1]"
2024099,2,"[4, 12, 17, 24, 26, 27]",16,110,10,"[3, 4, 7]","[8, 7, 1]","[6, 8, 5, 3, 3, 3]","[2, 0, 2]","[0, 1, 2, 3, 4, 5, 6, 7, 8]","[1, 0, 2, 0, 2, 0]"
2024100,4,"[13, 14, 19, 20, 27, 30]",5,123,7,"[7, 3, 1]","[1, 1, 3]","[8, 7, 5, 5, 3, 3]","[3, 3, 3]","[1, 3, 5, 7, 8]","[1, 2, 1, 2, 0, 0]"
2024101,7,"[8, 12, 15, 17, 19, 30]",8,101,6,"[2, 7, 2]","[4, 2, 1]","[1, 7, 5, 4, 4, 2]","[5, 1, 1]","[1, 2, 4, 5, 7]","[2, 0, 0, 2, 1, 0]"
2024102,2,"[9, 15, 18, 21, 22, 25]",1,110,5,"[6, 7, 3]","[6, 3, 3]","[1, 6, 5, 4, 4, 3]","[2, 0, 2]","[0, 1, 2, 3, 4, 5, 6, 7]","[0, 0, 0, 0, 1, 1]"
2024103,4,"[12, 21, 23, 27, 32, 33]",15,148,7,"[1, 1, 4]","[9, 4, 1]","[1, 6, 5, 4, 3, 3]","[4, 3, 0]","[0, 1, 3, 4, 5, 6, 9]","[0, 0, 2, 0, 2, 0]"
2024104,7,"[5, 16, 23, 24, 26, 29]",4,123,9,"[4, 0, 1]","[1, 1, 3]","[3, 6, 4, 4, 3, 3]","[3, 3, 3]","[0, 1, 3, 4, 6]","[2, 1, 2, 0, 2, 2]"
2024105,2,"[2, 5, 17, 19, 29, 33]",4,105,8,"[1, 4, 2]","[3, 2, 4]","[1, 0, 5, 4, 2, 2]","[3, 0, 1]","[0, 1, 2, 3, 4, 5]","[2, 2, 2, 1, 2, 0]"
2024106,4,"[3, 8, 11, 22, 31, 33]",4,108,9,"[0, 3, 1]","[5, 1, 2]","[5, 2, 8, 3, 2, 2]","[0, 3, 0]","[0, 1, 2, 3, 5, 8]","[0, 2, 2, 1, 1, 0]"
2024107,7,"[1, 6, 8, 13, 17, 19]",9,64,6,"[8, 1, 5]","[5, 5, 2]","[3, 9, 7, 3, 2, 2]","[4, 4, 0]","[0, 1, 2, 3, 4, 5, 7, 8, 9]","[1, 0, 2, 1, 2, 1]"
2024108,2,"[1, 8, 9, 23, 24, 30]",8,95,6,"[9, 6, 4]","[7, 4, 6]","[4, 0, 9, 3, 2, 2]","[5, 0, 3]","[0, 2, 3, 4, 5, 6, 7, 9]","[1, 2, 0, 2, 0, 0]"
2024109,4,"[3, 4, 24, 28, 29, 33]",9,121,6,"[0, 5, 4]","[1, 4, 4]","[9, 9, 4, 3, 3, 2]","[1, 1, 1]","[0, 1, 2, 3, 4, 5, 9]","[0, 1, 0, 1, 2, 0]"
2024110,7,"[4, 13, 17, 23, 25, 33]",14,115,8,"[9, 2, 6]","[9, 6, 8]","[7, 7, 5, 4, 3, 2]","[1, 0, 3]","[0, 1, 2, 3, 4, 5, 6, 7, 8, 9]","[1, 1, 2, 2, 1, 0]"
2024111,2,"[1, 4, 11, 12, 22, 30]",16,80,6,"[9, 8, 1]","[3, 1, 8]","[9, 9, 6, 5, 2, 1]","[2, 0, 0]","[0, 1, 2, 3, 5, 6, 8, 9]","[1, 1, 2, 0, 1, 0]"
2024112,4,"[8, 11, 16, 25, 29, 32]",3,121,8,"[4, 8, 9]","[3, 9, 3]","[4, 0, 6, 3, 3, 2]","[1, 1, 1]","[0, 1, 2, 3, 4, 6, 8, 9]","[2, 2, 1, 1, 2, 2]"
2024113,7,"[4, 5, 23, 24, 26, 31]",11,113,8,"[7, 1, 1]","[1, 1, 5]","[7, 1, 3, 3, 3, 2]","[5, 3, 1]","[1, 2, 3, 5, 7]","[1, 2, 2, 0, 2, 1]"
2024114,7,"[7, 11, 18, 24, 27, 32]",4,119,10,"[5, 6, 6]","[4, 6, 5]","[6, 9, 5, 3, 3, 2]","[5, 4, 3]","[2, 3, 4, 5, 6, 9]","[1, 2, 0, 0, 0, 2]"
2024115,2,"[3, 10, 11, 19, 27, 28]",7,98,4,"[5, 7, 8]","[7, 8, 1]","[1, 8, 7, 4, 2, 2]","[2, 3, 2]","[1, 2, 3, 4, 5, 7, 8]","[0, 1, 2, 1, 0, 1]"
2024116,4,"[1, 15, 20, 22, 31, 32]",3,121,10,"[1, 6, 2]","[4, 2, 1]","[0, 7, 5, 4, 2, 2]","[1, 1, 1]","[0, 1, 2, 4, 5, 6, 7]","[1, 0, 2, 1, 1, 2]"
2024117,7,"[3, 12, 14, 16, 29, 32]",12,106,8,"[9, 7, 2]","[9, 2, 3]","[4, 7, 6, 5, 2, 2]","[4, 1, 2]","[1, 2, 3, 4, 5, 6, 7, 9]","[0, 0, 2, 1, 2, 2]"
2024118,2,"[2, 3, 4, 6, 11, 15]",14,41,6,"[3, 8, 2]","[1, 2, 4]","[9, 2, 9, 5, 2, 1]","[5, 1, 1]","[1, 2, 3, 4, 5, 8, 9]","[2, 0, 1, 0, 2, 0]"
2024119,4,"[2, 9, 26, 27, 31, 32]",14,127,8,"[0, 2, 1]","[7, 1, 1]","[2, 3, 3, 3, 3, 2]","[1, 2, 3]","[0, 1, 2, 3, 7]","[2, 0, 2, 0, 1, 2]"
2024120,7,"[1, 5, 7, 11, 18, 19]",7,61,8,"[8, 3, 4]","[4, 4, 1]","[0, 1, 7, 4, 2, 2]","[1, 1, 1]","[0, 1, 2, 3, 4, 7, 8]","[1, 2, 1, 2, 0, 1]"
2024121,2,"[1, 7, 10, 13, 27, 33]",3,91,5,"[2, 0, 3]","[6, 3, 6]","[0, 2, 8, 6, 2, 1]","[1, 1, 3]","[0, 1, 2, 3, 6, 8]","[1, 1, 1, 1, 0, 0]"
2024122,4,"[5, 7, 9, 16, 17, 29]",15,83,8,"[4, 0, 7]","[2, 7, 2]","[5, 0, 8, 4, 3, 1]","[5, 3, 3]","[0, 1, 2, 3, 4, 5, 7, 8]","[2, 1, 0, 1, 2, 2]"
2024123,7,"[2, 15, 22, 26, 30, 33]",4,128,7,"[1, 5, 4]","[3, 4, 3]","[3, 7, 4, 3, 3, 2]","[2, 3, 0]","[0, 1, 2, 3, 4, 5, 7]","[2, 0, 1, 2, 0, 0]"
2024124,2,"[2, 14, 15, 17, 25, 30]",11,103,8,"[8, 1, 2]","[2, 2, 5]","[0, 6, 5, 5, 3, 2]","[1, 3, 3]","[0, 1, 2, 3, 5, 6, 8]","[2, 2, 0, 2, 1, 0]"
2024125,4,"[1, 4, 13, 18, 26, 30]",3,92,8,"[9, 2, 5]","[3, 5, 4]","[1, 2, 6, 4, 2, 2]","[2, 2, 0]","[0, 1, 2, 3, 4, 5, 6, 9]","[1, 1, 1, 0, 2, 0]"
2024126,7,"[14, 18, 23, 24, 26, 33]",10,138,8,"[9, 8, 1]","[4, 1, 7]","[8, 6, 5, 4, 4, 3]","[0, 3, 2]","[0, 1, 2, 3, 4, 5, 6, 7, 8, 9]","[2, 0, 2, 0, 2, 0]"
2024127,2,"[2, 5, 13, 20, 27, 32]",10,99,9,"[0, 2, 7]","[3, 7, 5]","[8, 8, 6, 3, 2, 2]","[3, 4, 3]","[0, 2, 3, 4, 5, 6, 7, 8]","[2, 2, 1, 2, 0, 2]"
2024128,4,"[1, 8, 13, 18, 20, 26]",16,86,7,"[5, 2, 5]","[7, 5, 6]","[5, 9, 5, 3, 3, 2]","[2, 1, 2]","[1, 2, 3, 5, 6, 7, 9]","[1, 2, 1, 0, 2, 2]"
2024129,7,"[9, 10, 13, 19, 24, 32]",1,107,10,"[3, 4, 6]","[1, 6, 8]","[0, 9, 7, 4, 3, 2]","[5, 2, 3]","[0, 1, 2, 3, 4, 5, 6, 7, 8, 9]","[0, 1, 1, 1, 0, 2]"
2024130,2,"[1, 8, 12, 17, 19, 24]",16,81,5,"[3, 1, 5]","[7, 5, 5]","[0, 9, 5, 3, 3, 2]","[3, 1, 1]","[0, 1, 2, 3, 5, 7, 9]","[1, 2, 0, 2, 1, 0]"
2024131,4,"[4, 5, 11, 15, 20, 32]",13,87,10,"[8, 5, 4]","[1, 4, 2]","[0, 6, 6, 4, 3, 1]","[3, 2, 3]","[0, 1, 2, 3, 4, 5, 6, 8]","[1, 2, 2, 0, 2, 2]"
2024132,7,"[1, 4, 25, 27, 28, 33]",3,118,8,"[2, 4, 2]","[3, 2, 5]","[7, 8, 3, 3, 3, 2]","[4, 3, 2]","[2, 3, 4, 5, 7, 8]","[1, 1, 1, 0, 1, 0]"
2024133,2,"[1, 11, 15, 27, 30, 33]",1,117,9,"[2, 9, 2]","[0, 2, 3]","[6, 9, 6, 3, 2, 2]","[3, 2, 1]","[0, 1, 2, 3, 6, 9]","[1, 2, 0, 0, 0, 0]"
2024134,4,"[2, 4, 13, 16, 18, 20]",16,73,6,"[8, 4, 3]","[2, 3, 2]","[5, 7, 4, 3, 3, 2]","[1, 3, 1]","[1, 2, 3, 4, 5, 7, 8]","[2, 1, 1, 1, 0, 2]"
2024135,7,"[5, 11, 17, 18, 30, 31]",13,112,5,"[6, 9, 1]","[6, 1, 1]","[1, 9, 5, 5, 2, 2]","[4, 2, 0]","[0, 1, 2, 4, 5, 6, 9]","[2, 2, 2, 0, 0, 1]"
2024136,2,"[3, 11, 15, 21, 25, 26]",3,101,8,"[3, 4, 6]","[8, 6, 1]","[2, 8, 5, 3, 3, 2]","[5, 1, 1]","[1, 2, 3, 4, 5, 6, 8]","[0, 2, 0, 0, 1, 2]"
2024137,4,"[4, 9, 10, 19, 26, 27]",12,95,8,"[3, 7, 9]","[5, 9, 1]","[2, 9, 8, 4, 2, 2]","[5, 0, 3]","[0, 1, 2, 3, 4, 5, 7, 8, 9]","[1, 0, 1, 1, 2, 0]"
2024138,7,"[2, 7, 11, 21, 27, 28]",2,96,10,"[6, 0, 0]","[5, 0, 1]","[7, 2, 7, 3, 2, 2]","[0, 1, 0]","[0, 1, 2, 3, 5, 6, 7]","[2, 1, 2, 0, 0, 1]"
2024139,2,"[15, 16, 20, 22, 23, 29]",14,125,6,"[4, 7, 2]","[1, 2, 6]","[7, 6, 5, 4, 4, 3]","[5, 0, 1]","[0, 1, 2, 3, 4, 5, 6, 7]","[0, 1, 2, 1, 2, 2]"
2024140,4,"[4, 7, 8, 17, 22, 26]",15,84,7,"[2, 5, 9]","[3, 9, 4]","[0, 1, 9, 3, 2, 2]","[0, 4, 0]","[0, 1, 2, 3, 4, 5, 9]","[1, 1, 2, 2, 1, 2]"
2024141,7,"[1, 2, 7, 15, 24, 29]",12,78,7,"[8, 2, 8]","[1, 8, 5]","[7, 8, 0, 4, 2, 1]","[0, 3, 2]","[0, 1, 2, 3, 4, 5, 7, 8]","[1, 2, 1, 0, 0, 2]"
2024142,2,"[4, 6, 13, 21, 22, 25]",6,91,9,"[1, 6, 8]","[2, 8, 3]","[1, 4, 6, 3, 3, 2]","[1, 1, 3]","[1, 2, 3, 4, 6, 8]","[1, 0, 1, 0, 1, 1]"
2024143,4,"[2, 5, 11, 22, 30, 33]",10,103,7,"[1, 5, 1]","[3, 1, 3]","[0, 9, 8, 3, 2, 2]","[1, 3, 3]","[0, 1, 2, 3, 5, 8, 9]","[2, 2, 2, 1, 0, 0]"
2024144,7,"[2, 9, 11, 17, 20, 30]",11,89,9,"[8, 1, 6]","[7, 6, 0]","[3, 8, 7, 4, 3, 1]","[5, 4, 1]","[0, 1, 3, 4, 5, 6, 7, 8]","[2, 0, 2, 2, 2, 0]"
2024145,2,"[1, 3, 16, 22, 23, 30]",3,95,9,"[9, 0, 6]","[2, 6, 7]","[4, 0, 4, 3, 3, 2]","[5, 0, 3]","[0, 2, 3, 4, 5, 6, 7, 9]","[1, 0, 1, 1, 2, 0]"
2024146,4,"[2, 4, 11, 22, 27, 32]",10,98,9,"[0, 3, 1]","[2, 1, 5]","[8, 3, 7, 3, 2, 2]","[2, 3, 2]","[0, 1, 2, 3, 5, 7, 8]","[2, 1, 2, 1, 0, 2]"
2024147,7,"[5, 11, 13, 16, 21, 30]",10,96,8,"[5, 0, 3]","[6, 3, 9]","[8, 7, 6, 5, 3, 2]","[0, 1, 0]","[0, 1, 2, 3, 5, 6, 7, 8, 9]","[2, 2, 1, 1, 0, 0]"
2024148,2,"[2, 6, 15, 16, 21, 23]",11,83,10,"[1, 5, 1]","[4, 1, 2]","[0, 2, 4, 4, 2, 2]","[5, 3, 3]","[0, 1, 2, 3, 4, 5]","[2, 0, 0, 1, 0, 2]"
2024149,4,"[3, 9, 16, 17, 18, 22]",16,85,7,"[9, 9, 1]","[6, 1, 4]","[7, 8, 4, 4, 3, 2]","[1, 0, 1]","[0, 1, 2, 3, 4, 6, 7, 8, 9]","[0, 0, 1, 2, 0, 1]"
2024150,7,"[13, 14, 20, 22, 26, 32]",2,127,7,"[9, 2, 2]","[1, 2, 6]","[8, 8, 5, 4, 3, 2]","[1, 2, 3]","[1, 2, 3, 4, 5, 6, 8, 9]","[1, 2, 2, 1, 2, 2]"
2024151,2,"[5, 10, 16, 19, 29, 32]",4,111,8,"[7, 9, 3]","[5, 3, 3]","[1, 0, 5, 4, 2, 2]","[3, 1, 3]","[0, 1, 2, 3, 4, 5, 7, 9]","[2, 1, 1, 1, 2, 2]"
2025001,4,"[2, 3, 17, 18, 22, 33]",16,95,6,"[1, 9, 1]","[1, 1, 1]","[6, 0, 4, 4, 3, 1]","[5, 0, 3]","[0, 1, 3, 4, 5, 6, 9]","[2, 0, 2, 0, 1, 0]"
2025002,7,"[9, 12, 13, 15, 22, 26]",11,97,7,"[7, 0, 2]","[3, 2, 4]","[9, 7, 6, 5, 3, 2]","[1, 2, 1]","[0, 1, 2, 3, 4, 5, 6, 7, 9]","[0, 0, 1, 0, 1, 2]"
2025003,2,"[10, 19, 20, 26, 28, 29]",15,132,6,"[9, 9, 6]","[9, 6, 1]","[2, 5, 5, 4, 3, 3]","[0, 2, 0]","[0, 1, 2, 3, 4, 5, 6, 9]","[1, 1, 2, 2, 1, 2]"
2025004,4,"[3, 7, 17, 27, 29, 32]",4,115,9,"[9, 2, 0]","[4, 0, 3]","[7, 5, 5, 3, 2, 2]","[1, 0, 3]","[0, 1, 2, 3, 4, 5, 7, 9]","[0, 1, 2, 0, 2, 2]"
2025005,7,"[10, 16, 19, 27, 28, 30]",9,130,7,"[0, 2, 8]","[6, 8, 2]","[2, 7, 5, 3, 3, 3]","[4, 0, 2]","[0, 2, 3, 4, 5, 6, 7, 8]","[1, 1, 1, 0, 1, 0]"
2025006,2,"[1, 7, 8, 17, 20, 22]",6,75,10,"[1, 3, 9]","[6, 9, 2]","[4, 9, 8, 3, 2, 2]","[3, 0, 3]","[0, 1, 2, 3, 4, 6, 8, 9]","[1, 1, 2, 2, 2, 1]"
2025007,4,"[7, 8, 14, 18, 21, 27]",11,95,7,"[0, 3, 4]","[1, 4, 6]","[2, 0, 5, 4, 3, 2]","[5, 0, 3]","[0, 1, 2, 3, 4, 5, 6]","[1, 2, 2, 0, 0, 0]"
2025008,7,"[9, 14, 16, 17, 25, 33]",11,114,7,"[4, 1, 1]","[5, 1, 8]","[1, 7, 6, 5, 3, 2]","[0, 4, 2]","[0, 1, 2, 3, 4, 5, 6, 7, 8]","[0, 2, 1, 2, 1, 0]"
2025009,2,"[2, 4, 11, 12, 23, 25]",6,77,8,"[3, 9, 1]","[2, 1, 2]","[7, 8, 6, 5, 2, 2]","[5, 2, 1]","[1, 2, 3, 5, 6, 7, 8, 9]","[2, 1, 2, 0, 2, 1]"
2025010,4,"[4, 6, 7, 16, 17, 21]",8,71,8,"[7, 1, 9]","[2, 9, 4]","[6, 0, 9, 3, 3, 2]","[5, 1, 3]","[0, 1, 2, 3, 4, 5, 6, 7, 9]","[1, 0, 1, 1, 2, 0]"
2025011,7,"[6, 13, 17, 22, 24, 29]",11,111,5,"[3, 1, 5]","[7, 5, 5]","[7, 7, 5, 4, 3, 2]","[3, 1, 3]","[1, 2, 3, 4, 5, 7]","[0, 1, 2, 1, 0, 2]"
2025012,4,"[7, 11, 13, 18, 27, 31]",11,107,8,"[4, 6, 5]","[4, 5, 4]","[4, 8, 7, 4, 2, 2]","[5, 2, 3]","[2, 3, 4, 5, 6, 7, 8]","[1, 2, 1, 0, 0, 1]"
2025013,7,"[4, 14, 16, 23, 24, 30]",14,111,8,"[6, 0, 7]","[0, 7, 6]","[6, 6, 5, 3, 3, 2]","[3, 1, 3]","[0, 1, 2, 3, 5, 6, 7]","[1, 2, 1, 2, 0, 0]"
2025014,2,"[6, 7, 9, 13, 21, 27]",5,83,8,"[1, 4, 4]","[1, 4, 6]","[2, 0, 8, 5, 2, 2]","[5, 3, 3]","[0, 1, 2, 3, 4, 5, 6, 8]","[0, 1, 0, 1, 0, 0]"
2025027,4,"[5, 7, 8, 15, 16, 23]",6,74,6,"[8, 9, 7]","[2, 7, 7]","[3, 9, 8, 3, 3, 2]","[2, 4, 2]","[2, 3, 4, 7, 8, 9]","[2, 1, 2, 0, 1, 2]"
2025028,7,"[4, 9, 14, 15, 18, 25]",15,85,7,"[1, 9, 1]","[5, 1, 7]","[0, 8, 5, 4, 3, 2]","[1, 0, 1]","[0, 1, 2, 3, 4, 5, 7, 8, 9]","[1, 0, 2, 0, 0, 1]"
2025029,2,"[5, 15, 16, 25, 30, 33]",16,124,9,"[8, 5, 9]","[0, 9, 3]","[3, 7, 6, 3, 3, 2]","[4, 4, 0]","[0, 2, 3, 4, 5, 6, 7, 8, 9]","[2, 0, 1, 1, 0, 0]"
2025030,4,"[4, 6, 7, 30, 31, 33]",6,111,4,"[9, 5, 3]","[2, 3, 2]","[6, 7, 4, 2, 2, 2]","[3, 1, 3]","[1, 2, 3, 4, 5, 6, 7, 9]","[1, 0, 1, 0, 1, 0]"
2025031,7,"[1, 5, 6, 8, 23, 28]",1,71,8,"[7, 8, 2]","[4, 2, 5]","[0, 3, 0, 7, 2, 1]","[5, 1, 3]","[0, 1, 2, 3, 4, 5, 7, 8]","[1, 2, 0, 2, 2, 1]"
2025032,2,"[3, 8, 10, 14, 16, 21]",3,72,4,"[8, 8, 4]","[5, 4, 5]","[3, 8, 6, 4, 3, 2]","[0, 2, 0]","[0, 2, 3, 4, 5, 6, 8]","[0, 2, 1, 2, 1, 0]"
2025033,4,"[3, 5, 18, 25, 26, 33]",8,110,7,"[0, 1, 7]","[2, 7, 7]","[5, 1, 5, 3, 3, 2]","[2, 0, 2]","[0, 1, 2, 3, 5, 7]","[0, 2, 0, 1, 2, 0]"
2025034,7,"[5, 8, 13, 14, 24, 26]",12,90,10,"[1, 6, 1]","[3, 1, 2]","[7, 0, 5, 5, 2, 2]","[0, 0, 2]","[0, 1, 2, 3, 5, 6, 7]","[2, 2, 1, 2, 0, 2]"
2025035,2,"[1, 8, 16, 18, 25, 31]",1,99,7,"[0, 7, 2]","[7, 2, 6]","[8, 1, 5, 4, 2, 2]","[3, 4, 3]","[0, 1, 2, 3, 4, 5, 6, 7, 8]","[1, 2, 1, 0, 1, 1]"
2025036,4,"[5, 11, 13, 16, 19, 32]",7,96,7,"[7, 8, 3]","[6, 3, 3]","[8, 7, 6, 5, 4, 2]","[0, 1, 0]","[0, 1, 2, 3, 4, 5, 6, 7, 8]","[2, 2, 1, 1, 1, 2]"
2025037,7,"[3, 6, 11, 20, 21, 31]",2,92,9,"[8, 5, 9]","[3, 9, 0]","[9, 4, 7, 3, 3, 1]","[2, 2, 0]","[0, 1, 2, 3, 4, 5, 7, 8, 9]","[0, 0, 2, 2, 0, 1]"
2025038,2,"[6, 19, 20, 23, 26, 33]",9,127,6,"[7, 7, 3]","[3, 3, 7]","[0, 5, 5, 4, 3, 2]","[1, 2, 3]","[0, 1, 2, 3, 4, 5, 7]","[0, 1, 2, 2, 2, 0]"
2025039,4,"[8, 10, 12, 15, 17, 23]",11,85,6,"[5, 7, 3]","[2, 3, 6]","[9, 7, 6, 4, 4, 2]","[1, 0, 1]","[0, 1, 2, 3, 4, 5, 6, 7, 9]","[2, 1, 0, 0, 2, 2]"
2025040,7,"[2, 6, 8, 9, 10, 24]",11,59,7,"[2, 4, 1]","[4, 1, 4]","[8, 8, 6, 5, 4, 1]","[5, 4, 3]","[1, 2, 3, 4, 5, 6, 8]","[2, 0, 2, 0, 1, 0]"
2025041,2,"[6, 10, 17, 19, 25, 31]",6,108,9,"[5, 5, 2]","[4, 2, 6]","[7, 9, 5, 4, 3, 2]","[0, 3, 0]","[0, 2, 3, 4, 5, 6, 7, 9]","[0, 1, 2, 1, 1, 1]"
2025042,4,"[7, 13, 19, 23, 27, 33]",12,122,4,"[6, 4, 4]","[6, 4, 6]","[6, 8, 5, 4, 3, 2]","[2, 2, 2]","[2, 3, 4, 5, 6, 8]","[1, 1, 1, 2, 0, 0]"
2025043,7,"[3, 12, 16, 19, 20, 32]",13,102,7,"[9, 8, 3]","[9, 3, 2]","[3, 7, 5, 4, 4, 2]","[0, 2, 2]","[0, 2, 3, 4, 5, 7, 8, 9]","[0, 0, 1, 1, 2, 2]"
2025044,2,"[2, 3, 7, 8, 14, 28]",11,62,7,"[6, 1, 1]","[1, 1, 4]","[0, 9, 7, 6, 3, 1]","[2, 2, 2]","[0, 1, 2, 3, 4, 6, 7, 9]","[2, 0, 1, 2, 2, 1]"
2025045,4,"[2, 14, 19, 24, 29, 33]",13,121,7,"[1, 5, 5]","[2, 5, 4]","[9, 7, 5, 4, 3, 2]","[1, 1, 1]","[1, 2, 3, 4, 5, 7, 9]","[2, 2, 1, 0, 2, 0]"
2025046,7,"[2, 3, 10, 16, 29, 33]",1,93,9,"[1, 6, 6]","[1, 6, 4]","[5, 0, 8, 4, 2, 1]","[3, 3, 1]","[0, 1, 2, 3, 4, 5, 6, 8]","[2, 0, 1, 1, 2, 0]"
2025047,2,"[1, 14, 21, 22, 23, 31]",12,112,7,"[0, 9, 1]","[3, 1, 8]","[1, 7, 4, 4, 3, 2]","[4, 2, 0]","[0, 1, 2, 3, 4, 7, 8, 9]","[1, 2, 0, 1, 2, 1]"
2025048,4,"[16, 21, 22, 23, 27, 31]",10,140,6,"[5, 6, 1]","[5, 1, 4]","[7, 5, 5, 5, 4, 3]","[2, 0, 0]","[0, 1, 2, 3, 4, 5, 6, 7]","[1, 0, 1, 2, 0, 1]"
2025049,7,"[3, 6, 19, 27, 29, 33]",11,117,10,"[0, 3, 8]","[3, 8, 4]","[8, 8, 5, 3, 3, 2]","[3, 2, 1]","[0, 1, 2, 3, 4, 5, 8]","[0, 0, 1, 0, 2, 0]"
2025050,2,"[9, 12, 15, 18, 22, 33]",16,109,7,"[4, 0, 3]","[3, 3, 1]","[1, 8, 6, 5, 3, 2]","[1, 4, 1]","[0, 1, 2, 3, 4, 5, 6, 8]","[0, 0, 0, 0, 1, 0]"
2025051,4,"[1, 2, 3, 4, 17, 22]",1,49,7,"[1, 5, 1]","[1, 1, 5]","[8, 3, 5, 1, 1, 1]","[1, 4, 1]","[1, 3, 4, 5, 8]","[1, 2, 0, 1, 2, 1]"
2025052,7,"[6, 7, 10, 17, 20, 26]",9,86,8,"[0, 3, 7]","[1, 7, 6]","[3, 1, 7, 4, 3, 2]","[2, 1, 2]","[0, 1, 2, 3, 4, 6, 7]","[0, 1, 1, 2, 2, 2]"
2025053,2,"[6, 9, 10, 13, 30, 33]",7,101,5,"[7, 1, 3]","[3, 3, 3]","[5, 0, 9, 6, 2, 2]","[5, 1, 1]","[0, 1, 2, 3, 5, 6, 7, 9]","[0, 0, 1, 1, 0, 0]"
2025054,4,"[5, 7, 10, 21, 24, 27]",16,94,6,"[2, 7, 1]","[2, 1, 3]","[7, 2, 8, 3, 2, 2]","[4, 4, 2]","[1, 2, 3, 4, 7, 8]","[2, 1, 1, 0, 0, 0]"
2025055,7,"[2, 5, 22, 27, 29, 33]",12,118,10,"[1, 4, 5]","[3, 5, 4]","[8, 2, 4, 3, 3, 2]","[4, 3, 2]","[1, 2, 3, 4, 5, 8]","[2, 2, 1, 0, 2, 0]"
2025056,2,"[1, 2, 10, 14, 28, 31]",3,86,10,"[0, 6, 4]","[1, 4, 3]","[5, 2, 7, 5, 2, 1]","[2, 1, 2]","[0, 1, 2, 3, 4, 5, 6, 7]","[1, 2, 1, 2, 1, 1]"
2025057,4,"[4, 9, 15, 16, 25, 30]",14,99,8,"[6, 6, 1]","[5, 1, 5]","[3, 0, 5, 5, 2, 2]","[3, 4, 3]","[0, 1, 2, 3, 4, 5, 6]","[1, 0, 0, 1, 1, 0]"
2025058,7,"[2, 6, 7, 9, 10, 20]",6,54,7,"[8, 4, 2]","[4, 2, 0]","[6, 8, 6, 5, 4, 1]","[0, 4, 2]","[0, 1, 2, 4, 5, 6, 8]","[2, 0, 1, 0, 1, 2]"
2025059,2,"[4, 10, 11, 12, 13, 24]",1,74,7,"[0, 3, 1]","[6, 1, 1]","[7, 6, 5, 5, 4, 2]","[2, 4, 2]","[0, 1, 2, 3, 4, 5, 6, 7]","[1, 1, 2, 0, 1, 0]"
2025060,4,"[6, 14, 18, 25, 28, 30]",1,121,9,"[4, 4, 7]","[8, 7, 2]","[9, 7, 5, 3, 3, 3]","[1, 1, 1]","[1, 2, 3, 4, 5, 7, 8, 9]","[0, 2, 0, 1, 1, 0]"
2025061,7,"[6, 7, 9, 10, 11, 32]",9,75,5,"[6, 4, 1]","[1, 1, 1]","[1, 9, 7, 6, 5, 1]","[3, 0, 3]","[0, 1, 3, 4, 5, 6, 7, 9]","[0, 1, 0, 1, 2, 2]"
2025062,2,"[6, 8, 9, 13, 25, 31]",14,92,10,"[5, 7, 4]","[2, 4, 6]","[4, 0, 9, 6, 2, 1]","[2, 2, 0]","[0, 1, 2, 4, 5, 6, 7, 9]","[0, 2, 0, 1, 1, 1]"
2025063,4,"[2, 19, 21, 22, 28, 30]",1,122,8,"[8, 9, 1]","[7, 1, 2]","[0, 5, 4, 4, 3, 3]","[2, 2, 2]","[0, 1, 2, 3, 4, 5, 7, 8, 9]","[2, 1, 0, 1, 1, 0]"
2025064,7,"[2, 10, 13, 22, 29, 33]",16,109,8,"[1, 9, 9]","[8, 9, 4]","[3, 9, 7, 3, 2, 2]","[1, 4, 1]","[1, 2, 3, 4, 7, 8, 9]","[2, 1, 1, 1, 2, 0]"
2025065,2,"[6, 10, 13, 14, 15, 20]",11,78,6,"[4, 5, 1]","[4, 1, 5]","[2, 6, 5, 4, 4, 2]","[0, 3, 2]","[0, 1, 2, 3, 4, 5, 6]","[0, 1, 1, 2, 0, 2]"
2025066,4,"[6, 22, 24, 27, 28, 30]",4,137,7,"[4, 6, 3]","[6, 3, 2]","[1, 5, 4, 4, 3, 3]","[5, 2, 1]","[1, 2, 3, 4, 5, 6]","[0, 1, 0, 0, 1, 0]"
2025067,7,"[1, 5, 10, 17, 20, 22]",5,75,8,"[1, 5, 7]","[4, 7, 2]","[4, 4, 6, 3, 2, 2]","[3, 0, 3]","[0, 1, 2, 3, 4, 5, 6, 7]","[1, 2, 1, 2, 2, 1]"
2025068,2,"[5, 7, 8, 19, 20, 31]",7,90,6,"[6, 3, 1]","[2, 1, 1]","[7, 1, 0, 3, 3, 1]","[0, 0, 2]","[0, 1, 2, 3, 6, 7]","[2, 1, 2, 1, 2, 1]"
2025069,4,"[2, 4, 19, 23, 27, 30]",5,105,9,"[8, 3, 4]","[2, 4, 3]","[1, 5, 4, 3, 2, 2]","[3, 0, 1]","[0, 1, 2, 3, 4, 5, 8]","[2, 1, 1, 2, 0, 0]"
2025070,7,"[2, 3, 15, 21, 22, 33]",6,96,6,"[1, 9, 6]","[1, 6, 1]","[7, 1, 5, 3, 3, 1]","[0, 1, 0]","[0, 1, 3, 5, 6, 7, 9]","[2, 0, 0, 0, 1, 0]"
2025071,2,"[1, 12, 18, 23, 25, 28]",7,107,8,"[7, 3, 5]","[1, 5, 3]","[6, 7, 4, 3, 3, 2]","[5, 2, 3]","[1, 2, 3, 4, 5, 6, 7]","[1, 0, 0, 2, 1, 1]"
2025072,4,"[2, 14, 17, 25, 27, 29]",5,114,7,"[7, 3, 8]","[2, 8, 2]","[6, 7, 5, 3, 3, 2]","[0, 4, 2]","[0, 2, 3, 4, 5, 6, 7, 8]","[2, 2, 2, 1, 0, 2]"
2025073,7,"[2, 7, 10, 27, 30, 33]",11,109,6,"[1, 3, 7]","[5, 7, 3]","[3, 4, 9, 3, 2, 2]","[1, 4, 1]","[1, 2, 3, 4, 5, 7, 9]","[2, 1, 1, 0, 0, 0]"
2025074,2,"[3, 4, 12, 20, 32, 33]",13,104,7,"[0, 8, 8]","[1, 8, 1]","[3, 5, 7, 4, 2, 2]","[2, 4, 0]","[0, 1, 2, 3, 4, 5, 7, 8]","[0, 1, 0, 2, 2, 0]"
2025075,4,"[10, 12, 14, 19, 20, 21]",15,96,5,"[1, 8, 5]","[2, 5, 1]","[8, 7, 5, 4, 3, 3]","[0, 1, 0]","[0, 1, 2, 3, 4, 5, 7, 8]","[1, 0, 2, 1, 2, 0]"
2025076,7,"[2, 6, 9, 12, 14, 30]",8,73,9,"[8, 8, 3]","[4, 3, 6]","[5, 1, 7, 5, 4, 1]","[1, 3, 1]","[1, 3, 4, 5, 6, 7, 8]","[2, 0, 0, 0, 2, 0]"
2025077,2,"[4, 7, 8, 15, 20, 21]",15,75,8,"[7, 3, 7]","[3, 7, 1]","[7, 9, 8, 4, 2, 2]","[3, 0, 3]","[0, 1, 2, 3, 4, 7, 8, 9]","[1, 1, 2, 0, 2, 0]"
2025078,4,"[6, 15, 17, 30, 32, 33]",14,133,8,"[7, 7, 3]","[9, 3, 1]","[1, 7, 6, 3, 3, 3]","[1, 3, 1]","[1, 3, 6, 7, 9]","[0, 0, 2, 0, 2, 0]"
2025079,7,"[8, 11, 14, 15, 30, 32]",5,110,9,"[4, 9, 1]","[3, 1, 2]","[2, 9, 6, 6, 2, 2]","[2, 0, 2]","[0, 1, 2, 3, 4, 6, 9]","[2, 2, 2, 0, 0, 2]"
2025080,2,"[3, 7, 8, 10, 16, 19]",5,63,8,"[6, 9, 2]","[4, 2, 3]","[0, 8, 6, 5, 2, 2]","[3, 3, 3]","[0, 2, 3, 4, 5, 6, 8, 9]","[0, 1, 2, 1, 1, 1]"
2025081,4,"[3, 6, 18, 20, 23, 28]",5,98,7,"[5, 7, 2]","[3, 2, 5]","[1, 5, 4, 3, 3, 2]","[2, 3, 2]","[1, 2, 3, 4, 5, 7]","[0, 0, 0, 2, 2, 1]"
2025082,7,"[4, 6, 9, 14, 32, 33]",11,98,9,"[9, 6, 5]","[2, 5, 1]","[3, 5, 9, 6, 2, 1]","[2, 3, 2]","[1, 2, 3, 5, 6, 9]","[1, 0, 0, 2, 2, 0]"
2025083,2,"[10, 15, 16, 17, 27, 29]",12,114,7,"[9, 2, 1]","[5, 1, 2]","[0, 6, 6, 5, 3, 2]","[0, 4, 2]","[0, 1, 2, 3, 4, 5, 6, 9]","[1, 0, 1, 2, 0, 2]"
2025084,4,"[6, 8, 10, 14, 24, 33]",15,95,8,"[7, 6, 4]","[2, 4, 9]","[4, 0, 8, 5, 2, 1]","[5, 0, 3]","[0, 1, 2, 3, 4, 5, 6, 7, 8, 9]","[0, 2, 1, 2, 0, 0]"
2025085,7,"[11, 14, 15, 18, 21, 24]",13,103,3,"[3, 7, 3]","[3, 3, 3]","[8, 6, 5, 4, 3, 3]","[1, 3, 3]","[1, 3, 4, 5, 6, 7, 8]","[2, 2, 0, 0, 0, 0]"
2025086,2,"[2, 6, 8, 10, 17, 24]",6,67,7,"[2, 1, 2]","[4, 2, 7]","[2, 0, 7, 5, 2, 1]","[1, 2, 3]","[0, 1, 2, 3, 4, 5, 7]","[2, 0, 2, 1, 2, 0]"
2025087,4,"[2, 6, 14, 15, 24, 26]",8,87,8,"[4, 8, 1]","[4, 1, 2]","[2, 3, 5, 4, 2, 2]","[3, 2, 3]","[1, 2, 3, 4, 5, 8]","[2, 0, 2, 0, 0, 2]"
2025088,7,"[1, 3, 13, 18, 21, 25]",6,81,9,"[4, 8, 5]","[2, 5, 4]","[0, 6, 5, 3, 2, 2]","[3, 1, 1]","[0, 1, 2, 3, 4, 5, 6, 8]","[1, 0, 1, 0, 0, 1]"
2025089,2,"[4, 6, 8, 18, 31, 33]",5,100,6,"[9, 5, 0]","[2, 0, 2]","[4, 5, 1, 4, 2, 2]","[4, 0, 0]","[0, 1, 2, 4, 5, 9]","[1, 0, 2, 0, 1, 0]"
2025090,4,"[6, 11, 12, 21, 27, 28]",15,105,6,"[2, 6, 9]","[5, 9, 1]","[6, 8, 7, 4, 2, 2]","[3, 0, 1]","[0, 1, 2, 3, 4, 5, 6, 7, 8, 9]","[0, 2, 0, 0, 0, 1]"
2025091,7,"[3, 4, 17, 19, 25, 27]",14,95,8,"[4, 1, 2]","[1, 2, 2]","[0, 2, 4, 4, 2, 2]","[5, 0, 3]","[0, 1, 2, 3, 4, 5]","[0, 1, 2, 1, 1, 0]"
2025092,2,"[2, 11, 14, 17, 23, 24]",12,91,6,"[2, 2, 3]","[9, 3, 1]","[4, 7, 5, 4, 2, 2]","[1, 1, 3]","[1, 2, 3, 4, 5, 7, 9]","[2, 2, 2, 2, 2, 0]"
2025093,4,"[9, 11, 12, 24, 25, 26]",10,107,4,"[7, 4, 2]","[2, 2, 1]","[0, 8, 7, 3, 3, 3]","[5, 2, 3]","[0, 1, 2, 3, 4, 5, 7, 8]","[0, 2, 0, 0, 1, 2]"
2025094,7,"[11, 13, 17, 19, 23, 29]",16,112,3,"[8, 0, 2]","[2, 2, 6]","[9, 7, 5, 4, 3, 2]","[4, 2, 0]","[0, 2, 3, 4, 5, 6, 7, 8, 9]","[2, 1, 2, 1, 2, 2]"
2025095,2,"[15, 16, 22, 23, 26, 32]",4,134,6,"[7, 0, 1]","[1, 1, 6]","[7, 7, 5, 4, 4, 3]","[2, 4, 2]","[0, 1, 2, 3, 4, 5, 6, 7]","[0, 1, 1, 2, 2, 2]"
2025096,4,"[7, 9, 11, 12, 16, 29]",15,84,7,"[2, 7, 1]","[2, 1, 3]","[1, 8, 6, 6, 4, 1]","[0, 4, 0]","[0, 1, 2, 3, 4, 6, 7, 8]","[1, 0, 2, 0, 1, 2]"
2025097,7,"[3, 5, 16, 23, 26, 31]",14,104,10,"[8, 1, 7]","[2, 7, 5]","[3, 9, 5, 3, 3, 2]","[2, 4, 0]","[0, 1, 2, 3, 4, 5, 7, 8, 9]","[0, 2, 1, 2, 2, 1]"
2025098,2,"[5, 8, 13, 17, 18, 29]",2,90,8,"[4, 0, 4]","[3, 4, 1]","[7, 0, 5, 4, 4, 2]","[0, 0, 2]","[0, 1, 2, 3, 4, 5, 7]","[2, 2, 1, 2, 0, 2]"
2025099,4,"[9, 11, 15, 17, 22, 26]",14,100,6,"[7, 1, 2]","[2, 2, 4]","[0, 8, 5, 4, 3, 2]","[4, 0, 0]","[0, 1, 2, 3, 4, 5, 7, 8]","[0, 2, 0, 2, 1, 2]"
2025100,7,"[12, 16, 17, 25, 30, 31]",16,131,6,"[9, 4, 8]","[4, 8, 1]","[9, 7, 6, 4, 3, 3]","[5, 1, 3]","[1, 3, 4, 5, 6, 7, 8, 9]","[0, 1, 2, 1, 0, 1]"
2025101,2,"[5, 8, 9, 10, 16, 21]",5,69,7,"[6, 8, 1]","[3, 1, 5]","[2, 7, 6, 5, 3, 2]","[3, 4, 1]","[1, 2, 3, 4, 5, 6, 7, 8]","[2, 2, 0, 1, 1, 0]"
2025102,4,"[4, 9, 16, 17, 18, 31]",7,95,7,"[7, 9, 1]","[5, 1, 3]","[2, 9, 4, 4, 4, 2]","[5, 0, 3]","[0, 1, 2, 3, 4, 5, 7, 9]","[1, 0, 1, 2, 0, 1]"
2025103,7,"[13, 16, 21, 25, 28, 31]",16,134,6,"[8, 2, 4]","[3, 4, 3]","[9, 7, 5, 4, 3, 3]","[2, 4, 2]","[2, 3, 4, 5, 7, 8, 9]","[1, 1, 0, 1, 1, 1]"
2025104,2,"[2, 5, 15, 16, 24, 32]",16,94,9,"[0, 9, 1]","[3, 1, 8]","[6, 7, 5, 4, 2, 1]","[4, 4, 2]","[0, 1, 2, 3, 4, 5, 6, 7, 8, 9]","[2, 2, 0, 1, 0, 2]"
2025105,4,"[4, 7, 18, 24, 26, 28]",8,107,9,"[4, 9, 6]","[3, 6, 2]","[5, 4, 4, 3, 3, 2]","[5, 2, 3]","[2, 3, 4, 5, 6, 9]","[1, 1, 0, 0, 2, 1]"
2025106,7,"[4, 5, 17, 22, 26, 30]",4,104,8,"[6, 1, 5]","[1, 5, 4]","[5, 9, 5, 3, 3, 2]","[2, 4, 0]","[0, 1, 2, 3, 4, 5, 6, 9]","[1, 2, 2, 1, 2, 0]"
2025107,2,"[2, 3, 10, 15, 25, 33]",13,88,8,"[1, 2, 5]","[1, 5, 8]","[3, 8, 7, 4, 2, 1]","[4, 3, 0]","[0, 1, 2, 3, 4, 5, 7, 8]","[2, 0, 1, 0, 1, 0]"
2025108,4,"[1, 9, 14, 17, 22, 33]",7,96,5,"[2, 3, 3]","[8, 3, 1]","[5, 9, 5, 4, 3, 1]","[0, 1, 0]","[0, 1, 2, 3, 4, 5, 8, 9]","[1, 0, 2, 2, 1, 0]"
2025109,7,"[5, 6, 9, 17, 18, 31]",3,86,7,"[6, 2, 8]","[1, 8, 3]","[6, 3, 8, 4, 3, 1]","[2, 1, 2]","[1, 2, 3, 4, 6, 8]","[2, 0, 0, 2, 0, 1]"
2025110,2,"[1, 5, 11, 14, 16, 19]",8,66,8,"[8, 1, 3]","[4, 3, 3]","[5, 2, 5, 3, 3, 2]","[0, 1, 2]","[0, 1, 2, 3, 4, 5, 8]","[1, 2, 2, 2, 1, 1]"
2025111,4,"[9, 14, 18, 28, 31, 33]",12,133,8,"[4, 7, 0]","[5, 0, 2]","[3, 8, 6, 3, 3, 3]","[1, 3, 1]","[0, 1, 2, 3, 4, 5, 6, 7, 8]","[0, 2, 0, 1, 1, 0]"
2025112,7,"[3, 9, 11, 13, 20, 32]",2,88,9,"[9, 1, 2]","[6, 2, 2]","[8, 8, 7, 5, 3, 1]","[4, 3, 0]","[0, 1, 2, 3, 4, 5, 6, 7, 8, 9]","[0, 0, 2, 1, 2, 2]"
2025113,2,"[8, 10, 13, 15, 24, 31]",16,101,6,"[3, 4, 2]","[2, 2, 7]","[1, 9, 6, 5, 3, 2]","[5, 1, 1]","[1, 2, 3, 4, 5, 6, 7, 9]","[2, 1, 1, 0, 0, 1]"
2025114,7,"[1, 20, 21, 25, 26, 27]",10,120,6,"[6, 6, 4]","[9, 4, 1]","[9, 5, 4, 3, 3, 3]","[0, 0, 0]","[0, 1, 3, 4, 5, 6, 9]","[1, 2, 0, 1, 2, 0]"
2025115,2,"[2, 3, 8, 19, 24, 30]",2,86,5,"[8, 1, 1]","[1, 1, 6]","[2, 7, 9, 3, 2, 1]","[2, 1, 2]","[1, 2, 3, 6, 7, 8, 9]","[2, 0, 2, 1, 0, 0]"
2025116,4,"[2, 4, 8, 24, 28, 31]",9,97,8,"[9, 4, 6]","[2, 6, 3]","[7, 3, 1, 3, 2, 2]","[1, 2, 1]","[1, 2, 3, 4, 6, 7, 9]","[2, 1, 2, 0, 1, 1]"
2025117,7,"[6, 8, 17, 20, 25, 33]",10,109,9,"[7, 7, 3]","[2, 3, 8]","[7, 2, 5, 4, 3, 2]","[1, 4, 1]","[1, 2, 3, 4, 5, 7, 8]","[0, 2, 2, 2, 1, 0]"
2025118,2,"[1, 10, 11, 16, 24, 26]",3,88,8,"[5, 4, 5]","[9, 5, 2]","[7, 7, 7, 4, 2, 2]","[4, 3, 0]","[0, 2, 3, 4, 5, 7, 9]","[1, 1, 2, 1, 0, 2]"
2025119,4,"[6, 9, 23, 26, 28, 32]",11,124,8,"[6, 9, 3]","[3, 3, 4]","[9, 2, 4, 3, 3, 2]","[4, 4, 0]","[0, 2, 3, 4, 6, 9]","[0, 0, 2, 2, 1, 2]"
2025120,7,"[1, 2, 4, 7, 13, 32]",7,59,8,"[1, 1, 3]","[1, 3, 9]","[8, 8, 3, 7, 3, 0]","[5, 4, 3]","[0, 1, 3, 4, 5, 7, 8, 9]","[1, 2, 1, 1, 1, 2]"
2025121,2,"[6, 8, 10, 25, 29, 30]",8,108,7,"[4, 1, 5]","[2, 5, 1]","[7, 2, 9, 3, 2, 2]","[0, 3, 0]","[0, 1, 2, 3, 4, 5, 7, 9]","[0, 2, 1, 1, 2, 0]"
2025122,4,"[16, 18, 19, 20, 25, 31]",13,129,7,"[5, 7, 1]","[2, 1, 6]","[7, 6, 5, 5, 4, 3]","[3, 4, 1]","[1, 2, 3, 4, 5, 6, 7]","[1, 0, 1, 2, 1, 1]"
2025123,7,"[7, 9, 23, 24, 25, 26]",10,114,4,"[9, 6, 1]","[2, 1, 1]","[5, 1, 3, 3, 3, 3]","[0, 4, 2]","[0, 1, 2, 3, 4, 5, 6, 9]","[1, 0, 2, 0, 1, 2]"
2025124,2,"[1, 2, 18, 19, 21, 33]",13,94,8,"[2, 9, 1]","[1, 1, 2]","[3, 6, 4, 3, 3, 1]","[4, 4, 2]","[1, 2, 3, 4, 6, 9]","[1, 2, 0, 1, 0, 0]"
2025125,4,"[3, 9, 12, 13, 26, 32]",9,95,8,"[9, 7, 1]","[6, 1, 6]","[0, 9, 6, 6, 2, 1]","[5, 0, 3]","[0, 1, 2, 3, 5, 6, 7, 9]","[0, 0, 0, 1, 2, 2]"
2025126,7,"[2, 12, 13, 16, 19, 25]",10,87,8,"[3, 7, 3]","[0, 3, 6]","[2, 6, 5, 4, 3, 2]","[3, 2, 3]","[0, 2, 3, 4, 5, 6, 7]","[2, 0, 1, 1, 1, 1]"
2025127,2,"[3, 9, 15, 17, 19, 28]",3,91,8,"[5, 0, 2]","[6, 2, 9]","[9, 9, 5, 4, 3, 2]","[1, 1, 3]","[0, 1, 2, 3, 4, 5, 6, 9]","[0, 0, 0, 2, 1, 1]"
2025128,4,"[2, 10, 18, 19, 24, 27]",1,100,6,"[5, 4, 1]","[8, 1, 3]","[9, 9, 4, 4, 3, 2]","[4, 0, 0]","[0, 1, 2, 3, 4, 5, 8, 9]","[2, 1, 0, 1, 0, 0]"
2025129,7,"[3, 4, 7, 13, 20, 30]",3,77,8,"[7, 6, 6]","[1, 6, 0]","[4, 8, 0, 4, 2, 1]","[5, 2, 1]","[0, 1, 2, 4, 5, 6, 7, 8]","[0, 1, 1, 1, 2, 0]"
2025130,2,"[1, 5, 8, 14, 19, 23]",6,70,7,"[2, 4, 6]","[4, 6, 4]","[9, 3, 7, 4, 2, 2]","[4, 0, 2]","[0, 2, 3, 4, 6, 7, 9]","[1, 2, 2, 2, 1, 2]"
2025131,4,"[3, 13, 14, 18, 24, 31]",3,103,8,"[8, 1, 4]","[0, 4, 7]","[3, 6, 6, 4, 3, 2]","[1, 3, 3]","[0, 1, 2, 3, 4, 6, 7, 8]","[0, 1, 2, 0, 0, 1]"
2025132,7,"[4, 8, 10, 21, 23, 32]",11,98,7,"[8, 5, 1]","[4, 1, 9]","[3, 1, 8, 3, 3, 2]","[2, 3, 2]","[1, 2, 3, 4, 5, 8, 9]","[1, 2, 1, 0, 2, 2]"
2025133,2,"[5, 14, 17, 19, 20, 33]",7,108,8,"[8, 6, 2]","[9, 2, 3]","[0, 6, 5, 4, 4, 2]","[0, 3, 0]","[0, 2, 3, 4, 5, 6, 8, 9]","[2, 2, 2, 1, 2, 0]"
2025134,4,"[3, 5, 9, 13, 26, 29]",12,85,9,"[6, 1, 4]","[2, 4, 3]","[7, 6, 8, 5, 2, 1]","[1, 0, 1]","[0, 1, 2, 3, 4, 5, 6, 7, 8]","[0, 2, 0, 1, 2, 2]"
2025135,7,"[1, 2, 5, 9, 25, 32]",10,74,7,"[1, 3, 4]","[1, 4, 7]","[3, 6, 3, 7, 1, 1]","[2, 4, 2]","[1, 2, 3, 4, 6, 7]","[1, 2, 2, 0, 1, 2]"
2025136,2,"[8, 10, 14, 23, 28, 32]",12,115,7,"[4, 8, 9]","[2, 9, 4]","[3, 0, 7, 4, 3, 2]","[1, 0, 3]","[0, 1, 2, 3, 4, 7, 8, 9]","[2, 1, 2, 2, 1, 2]"
2025137,4,"[2, 8, 11, 23, 27, 29]",5,100,8,"[7, 9, 2]","[6, 2, 2]","[9, 1, 8, 3, 2, 2]","[4, 0, 0]","[0, 1, 2, 3, 4, 6, 7, 8, 9]","[2, 2, 2, 2, 0, 2]"
2025138,7,"[10, 13, 14, 23, 24, 27]",15,111,4,"[7, 1, 9]","[3, 9, 3]","[0, 7, 6, 3, 3, 3]","[3, 1, 3]","[0, 1, 3, 6, 7, 9]","[1, 1, 2, 2, 0, 0]"
2025139,2,"[2, 5, 17, 22, 30, 33]",6,109,8,"[1, 5, 5]","[3, 5, 3]","[3, 0, 5, 3, 2, 2]","[1, 4, 1]","[0, 1, 2, 3, 4, 5]","[2, 2, 2, 1, 0, 0]"
2025140,4,"[1, 3, 4, 12, 18, 24]",5,62,9,"[3, 5, 8]","[2, 8, 6]","[1, 9, 4, 4, 2, 1]","[2, 2, 2]","[1, 2, 3, 4, 5, 6, 8, 9]","[1, 0, 1, 0, 0, 0]"
2025141,7,"[2, 4, 5, 10, 12, 13]",6,46,5,"[1, 8, 5]","[2, 5, 1]","[2, 0, 8, 3, 2, 2]","[4, 1, 2]","[0, 1, 2, 3, 4, 5, 8]","[2, 1, 2, 1, 0, 1]"
2025142,2,"[2, 13, 15, 23, 27, 31]",16,111,8,"[9, 4, 8]","[1, 8, 4]","[4, 7, 6, 3, 3, 2]","[3, 1, 3]","[1, 2, 3, 4, 6, 7, 8, 9]","[2, 1, 0, 2, 0, 1]"
2025143,4,"[2, 9, 12, 13, 15, 24]",3,75,8,"[2, 6, 1]","[7, 1, 9]","[6, 7, 5, 4, 4, 2]","[3, 0, 3]","[0, 1, 2, 3, 4, 5, 6, 7, 9]","[2, 0, 0, 1, 0, 0]"
2025144,7,"[1, 8, 15, 20, 26, 33]",13,103,6,"[2, 8, 5]","[7, 5, 7]","[2, 1, 5, 4, 2, 2]","[1, 3, 3]","[1, 2, 3, 4, 5, 7, 8]","[1, 2, 0, 2, 2, 0]"
2025145,2,"[11, 12, 15, 18, 25, 32]",14,113,6,"[1, 3, 3]","[1, 3, 7]","[9, 8, 6, 5, 3, 2]","[5, 3, 1]","[1, 2, 3, 5, 6, 7, 8, 9]","[2, 0, 0, 0, 1, 2]"
2025146,4,"[5, 7, 12, 24, 26, 28]",2,102,6,"[3, 9, 2]","[2, 2, 2]","[9, 3, 7, 3, 2, 2]","[0, 2, 2]","[0, 2, 3, 7, 9]","[2, 1, 0, 0, 2, 1]"
2025147,7,"[1, 3, 5, 8, 22, 33]",8,72,9,"[2, 9, 3]","[2, 3, 1]","[1, 3, 3, 8, 2, 1]","[0, 2, 0]","[0, 1, 2, 3, 8, 9]","[1, 0, 2, 2, 1, 0]"
2025148,2,"[3, 4, 9, 10, 15, 22]",16,63,4,"[9, 1, 1]","[1, 1, 7]","[0, 4, 6, 5, 3, 1]","[3, 3, 3]","[0, 1, 3, 4, 5, 6, 7, 9]","[0, 1, 0, 1, 0, 1]"
2025149,4,"[1, 2, 4, 6, 22, 30]",10,65,9,"[9, 0, 2]","[1, 2, 8]","[4, 1, 5, 9, 1, 1]","[5, 0, 1]","[0, 1, 2, 4, 5, 8, 9]","[1, 2, 1, 0, 1, 0]"
2025150,7,"[6, 13, 17, 19, 24, 31]",8,110,6,"[5, 1, 2]","[7, 2, 7]","[7, 7, 5, 4, 3, 2]","[2, 0, 2]","[0, 1, 2, 3, 4, 5, 7]","[0, 1, 2, 1, 0, 1]"